chain,outlet,store_location
arpico,RAGAMA,POINT (79.94978500000001 7.001274)
arpico,MAGGONA,POINT (79.9807531 6.5047953)
arpico,Bandaragama,POINT (79.9879682 6.7136402)
arpico,GELIOYA,POINT (80.59819760000001 7.2139038)
arpico,HALLOLUWA,POINT (80.59776309999999 7.3071334)
arpico,KIRIBATHKUMBURA,POINT (80.5827266 7.2657726)
arpico,Kaduwela,POINT (79.9859136 6.934452)
arpico,JA-ELA,POINT (79.89140329999999 7.0757289)
arpico,ATHURIGIRIYA,POINT (79.988336 6.878519)
arpico,WELIWERIYA,POINT (80.023596 7.0377197)
arpico,MATHUGAMA,POINT (80.1158506 6.5191911)
arpico,POKUNUWITA,POINT (80.0336033 6.72616)
arpico,ARAWWALA,POINT (79.9351984 6.83085)
arpico,KOCHCHIKADE,POINT (79.86057940000001 7.2671348)
arpico,Meegoda,POINT (80.0475301 6.8216009)
arpico,INGIRIYA,POINT (80.17486719999999 6.7438683)
arpico,HANWELLA,POINT (80.08938790000001 6.9057377)
arpico,AMBALANGODA,POINT (80.05428310000001 6.2367382)
arpico,ATHTHIDIYA,POINT (79.8853549 6.8476729)
arpico,KANDANA,POINT (79.8965317 7.0490411)
arpico,NUGEGODA,POINT (79.88959800000001 6.871851)
arpico,KULIYAPITIYA,POINT (80.0408104 7.4692275)
arpico,WENNAPUWA,POINT (79.840959 7.3436662)
arpico,WERAHERA,POINT (79.91202149999999 6.8282374)
arpico,MUTUWAL,POINT (79.87168369999991 6.970197)
arpico,Mulleriyawa,POINT (79.9270901 6.9244991)
arpico,Athurugiriya,POINT (79.988336 6.878519)
arpico,Akkarapaththu,POINT (81.84968550000001 7.2194173)
arpico,Athurugiriya,POINT (79.98361079999999 6.8878446)
arpico,Badulla,POINT (81.0597441 6.9864468)
arpico,Bandarawela,POINT (80.9909588 6.8300137)
arpico,Dambulla.,POINT (80.65063480000001 7.8863801)
arpico,Galle,POINT (80.2262932 6.0369815)
arpico,Galewela,POINT (80.56720730000001 7.7556429)
arpico,Hingurakgoda.,POINT (80.95585939999999 8.0424319)
arpico,Horana,POINT (79.9203444 6.7096405)
arpico,Kaduwela,POINT (79.9735245 6.9365181)
arpico,Kalutara,POINT (79.9589977 6.593871)
arpico,Kandana,POINT (79.8962259 7.0493605)
arpico,Kotahena,POINT (79.8595119 6.9489948)
arpico,Kottawa,POINT (79.9617684 6.8428447)
arpico,Kurunegala.,POINT (80.3294563 7.4748362)
arpico,Matara,POINT (80.5528951 5.9492992)
arpico,Matale,POINT (80.6241775 7.4720944)
arpico,Moratuwa,POINT (79.883008 6.7791497)
arpico,Narahenpita,POINT (79.8796177 6.8908048)
arpico,Nawalapitiya.,POINT (80.5382824 7.0638518)
arpico,Nittambuwa,POINT (80.1002562 7.1504071)
arpico,Nugegoda.,POINT (79.88959800000001 6.871851)
arpico,Nuwara Eliya,POINT (80.7827497 6.9534358)
arpico,Panadura,POINT (79.9284554 6.6679776)
arpico,Pettah,POINT (79.85195880000001 6.9381263)
arpico,Pottuvil,POINT (81.829809 6.8750619)
arpico,Rathnapura,POINT (80.38230660000001 6.7088507)
arpico,Wellawaya.,POINT (81.1032629 6.7274759)
arpico,BATTARAMULLA,POINT (79.91709299999999 6.902386)
arpico,WELLAWATTA,POINT (79.8636139 6.8658914)
arpico,Hyde Park Corner,POINT (79.8608340000001 6.917601)
arpico,Navinna,POINT (79.9177828 6.8526475)
arpico,GAMPAHA,POINT (79.99982900000001 7.091604)
arpico,KANDY,POINT (80.620507 7.280711)
arpico,NEGOMBO,POINT (79.84302599999999 7.2074)
arpico,WATTALA,POINT (79.89251400000001 6.98884)
arpico,KADAWATHA,POINT (79.94978500000001 7.001274)
arpico,KIRIBATHGODA,POINT (79.925252 6.97605)
arpico,DEHIWALA,POINT (79.866696 6.846773)
arpico,BORALESGAMUWA,POINT (79.902609 6.840962)
arpico,KALUTARA,POINT (79.955905 6.602332)
arpico,PILIYANDALA,POINT (79.926154 6.799025)
arpico,MATARA,POINT (80.5428460000001 5.949179)
arpico,PANADURA,POINT (79.907901 6.707393)
arpico,KOTTAWA,POINT (79.97875209999999 6.8389086)
keells,Eldeniya,POINT (79.973085 7.0209227)
keells,Kelaniya,POINT (79.9072967 6.9506815)
keells,Kiribathgoda,POINT (79.92918399999999 6.977087)
keells,Kiribathgoda 2,POINT (79.9308697 6.982333499999999)
keells,Kirillawella,POINT (79.98701899999999 7.0327388)
keells,Makola,POINT (79.9465556 6.976845399999999)
keells,Mawaramandiya,POINT (79.97625669999999 6.987016199999999)
keells,Miriswatta,POINT (80.0140299 7.075543499999999)
keells,Sinharamulla,POINT (79.93023599999999 6.952322)
keells,Tyre Junction,POINT (79.91120909999999 6.9690593)
keells,Attidiya 2,POINT (79.88551249999999 6.8467788)
keells,Crescat,POINT (79.8485946 6.9173059)
keells,Duplication Road,POINT (79.8570216 6.8955642)
keells,Katubedda,POINT (79.8964526 6.7960803)
keells,Liberty Plaza 2,POINT (79.85135529999999 6.9112975)
keells,Marine Drive,POINT (79.8544885 6.889369899999999)
keells,Moratuwa 1,POINT (79.88547160000002 6.770817399999999)
keells,Mount Lavinia,POINT (79.86723499999999 6.831912000000001)
keells,Rathmalana,POINT (79.8742156 6.819342499999999)
keells,Shangri -La,POINT (79.8454971 6.9270168)
keells,Aluthgama,POINT (79.99599719999999 6.436392)
keells,Ambalangoda,POINT (80.04963959999999 6.2419366)
keells,Beruwala,POINT (79.98378629999999 6.4746706)
keells,Embilipitiya,POINT (80.84891469999999 6.3364803)
keells,Galle,POINT (80.2109019 6.0350864)
keells,Galle 2,POINT (80.2039264 6.0581301)
keells,Karapitiya,POINT (80.2218015 6.0639536)
keells,Matara 1,POINT (80.53601929999999 5.9481777)
keells,Matara 2,POINT (80.54537999999999 5.9482826)
keells,Matara 3,POINT (80.56323999999999 5.9470458)
keells,Tangalle,POINT (80.79541469999999 6.023223199999999)
keells,Gampola,POINT (80.56530699999999 7.159271299999999)
keells,Kandy 01,POINT (80.6190105 7.2788309)
keells,Kandy 02,POINT (80.61031730000001 7.273955999999999)
keells,Kandy 3,POINT (80.63716119999999 7.2922048)
keells,Katugastota,POINT (80.63290289999999 7.312780199999999)
keells,Kegalle,POINT (80.3513401 7.254270799999999)
keells,Kurunegala 2,POINT (80.35834439999999 7.4819209)
keells,Kurunegala 3,POINT (80.35990009999999 7.4901148)
keells,Matale 1,POINT (80.62014809999999 7.463742699999999)
keells,Matale 2,POINT (80.62343109999999 7.4888568)
keells,Mawanella,POINT (80.45021869999999 7.251829099999999)
keells,Enderamulla,POINT (79.9143856 6.994316)
keells,Delpe,POINT (79.93592890000001 7.021042)
keells,Gampaha 2,POINT (79.99721989999999 7.0912814)
keells,Ja-Ela 2,POINT (79.89733099999999 7.0865149)
keells,Kapuwatte,POINT (79.89523199999999 7.060587900000001)
keells,Mahabage 2,POINT (79.8973719 7.012553)
keells,Minuwangoda,POINT (79.9487235 7.168319899999999)
keells,Ragama,POINT (79.9175832 7.0270211)
keells,Thihariya,POINT (80.07104489999999 7.127068)
keells,Wattala 2,POINT (79.891008 6.987833699999999)
keells,Bandaragama,POINT (79.9856767 6.711557300000001)
keells,Gorakana,POINT (79.89825379999999 6.760439)
keells,Kaluthara South,POINT (79.967675 6.5663325)
keells,Kaluthara 2,POINT (80.0024653 6.419094599999999)
keells,Kesbewa,POINT (79.94175009999999 6.791937799999999)
keells,Kesbewa 2,POINT (79.94175009999999 6.791937799999999)
keells,Matugama,POINT (80.1083893 6.523070499999999)
keells,Moratuwa 3,POINT (79.88547160000002 6.770817399999999)
keells,Panadura 2,POINT (79.90615559999999 6.7260549)
keells,Panadura 3,POINT (79.92187819999999 6.709551599999999)
keells,Panadura Nalluruwa,POINT (79.91255959999999 6.7009246)
keells,Wadduwa,POINT (79.92842089999999 6.6683027)
keells,Battaramulla,POINT (79.92252260000001 6.896607599999999)
keells,Boralesgamuwa,POINT (79.9073501 6.8330191)
keells,Capital Mall,POINT (79.93429829999999 6.8748928)
keells,Kalalgoda,POINT (79.94076699999999 6.8705099)
keells,Kohuwala 2,POINT (79.888274 6.8633421)
keells,Piliyandala,POINT (79.9292315 6.7972912)
keells,Piliyandala 2,POINT (79.9150879 6.7984564)
keells,Pita Kotte,POINT (79.9094848 6.8834443)
keells,Raththanapitiya,POINT (79.8962792 6.849039299999999)
keells,Thalawathugoda 3,POINT (79.928957 6.8762843)
keells,Darly Road,POINT (79.8618683 6.920774199999999)
keells,Dehiwala,POINT (79.87763500000001 6.849492199999999)
keells,Edmonton,POINT (79.8761449 6.879678999999999)
keells,Havelock Road,POINT (79.8643036 6.886914)
keells,Kalubowila,POINT (79.86680299999999 6.8631438)
keells,Kerawalapitiya,POINT (79.8855209 6.996585)
keells,Kohuwela,POINT (79.88085939999999 6.8695941)
keells,Kotahena,POINT (79.86091329999999 6.948411699999999)
keells,Mattakkuliya,POINT (79.87343729999999 6.9692016)
keells,Thimbirigasyaya,POINT (79.87295229999999 6.8961186)
keells,Chilaw,POINT (79.7968722 7.5836533)
keells,Ja Ela 3,POINT (79.89195149999999 7.0725098)
keells,Kimbulapitiya,POINT (79.86227690000001 7.2038242)
keells,Kochchikade,POINT (79.85836619999999 7.262969200000001)
keells,Maravila,POINT (79.83104759999999 7.4144151)
keells,Negombo - Dalupotha,POINT (79.84993030000001 7.2301438)
keells,Negombo - Telwatta,POINT (79.84994499999999 7.206695499999999)
keells,Negombo-Kurana,POINT (79.8593171 7.1848503)
keells,Puttalam,POINT (79.837068 8.028127399999999)
keells,Seeduwa,POINT (79.87867849999999 7.1221783)
keells,Wennappuwa,POINT (79.8401059 7.3452165)
keells,Biyagama,POINT (79.99164019999999 6.9494487)
keells,Homagama,POINT (79.9873829 6.8393612)
keells,Kottawa 2,POINT (79.96553960000001 6.836408)
keells,Kottawa 3,POINT (79.9693161 6.8445251)
keells,Pannipitiya,POINT (79.9424803 6.8454835)
keells,Pittugala,POINT (79.96556699999999 6.9081661)
keells,Thalahena,POINT (79.9379594 6.9088525)
keells,Gamsabha,POINT (79.89521739999999 6.8657635)
keells,Gothatuwa,POINT (79.91012599999999 6.928275900000001)
keells,Maharagama,POINT (79.92089729999999 6.8520344)
keells,Maharagama 2,POINT (79.9208556 6.842743100000001)
keells,Maharagama 3,POINT (79.9265942 6.8424722)
keells,Mulleriyawa,POINT (79.9271313 6.932448)
keells,Wellampitiya,POINT (79.90346219999999 6.9368671)
keells,Wijerama,POINT (79.90832349999999 6.8577777)
keells,Akuregoda,POINT (79.9421715 6.8958967)
keells,Arangala,POINT (79.96373439999999 6.892330599999999)
keells,Athurugiriya 2,POINT (79.96372789999999 6.892347099999999)
keells,Avissawella,POINT (80.20064359999999 6.9504692)
keells,Eheliyagoda,POINT (80.2578474 6.8580491)
keells,Hokandara,POINT (79.94480679999999 6.879189999999999)
keells,Horana,POINT (80.0695618 6.7190242)
keells,Rathnapura,POINT (80.39583669999999 6.6845368)
keells,Vidyala Junction,POINT (79.9582671 6.8687653)
keells,Borella,POINT (79.8811204 6.91391)
keells,Embuldeniya,POINT (79.90928339999999 6.8687214)
keells,Ethul Kotte,POINT (79.9027201 6.8888398)
keells,Godagama,POINT (80.0258072 6.851611699999999)
keells,Nawala,POINT (79.89123529999999 6.8966017)
keells,Stanley Thilakaratne Mw.,POINT (79.89425659999999 6.875602799999999)
keells,Rajagiriya,POINT (79.89504579999999 6.9104648)
keells,Rajagiriya 2,POINT (79.90230579999999 6.906900599999999)
keells,Union Place,POINT (79.85612429999999 6.921714)
cargills,FC STAPLES STREET,POINT (79.8558331 6.9201994)
cargills,FC KANDY,POINT (80.63710569999999 7.2928776)
cargills,EX MOUNT LAVINIA,POINT (79.8691113 6.827608799999999)
cargills,FC WELLAWATTE,POINT (79.861873 6.8711259)
cargills,FC MAJESTIC CITY,POINT (79.8546195 6.8940731)
cargills,FC MAHARAGAMA,POINT (79.9265791 6.845314699999999)
cargills,FC BANDARAWELA,POINT (80.98856189999999 6.8310001)
cargills,FC NUWARA ELIYA,POINT (80.7657873 6.9760838)
cargills,FC NUGEGODA,POINT (79.88087139999999 6.875580599999999)
cargills,FC FORT,POINT (79.8447204 6.9356673)
cargills,FC MALABE,POINT (79.9541196 6.9040005)
cargills,FC NEGOMBO,POINT (79.8441404 7.212946700000001)
cargills,FC BORALESGAMUWA,POINT (79.92222699999999 6.8429268)
cargills,EX RAJAGIRIYA,POINT (79.8942646 6.910106600000001)
cargills,FC PITAKOTTE,POINT (79.9015364 6.8827114)
cargills,FC PANADURA,POINT (79.90781 6.71968)
cargills,FC KURUNEGALA,POINT (80.36063779999999 7.4884909)
cargills,FC MATARA,POINT (80.5543934 5.9430934)
cargills,FC WATTALA,POINT (79.8885119 6.984905299999999)
cargills,FC GAMPAHA,POINT (79.99625 7.09257)
cargills,FC JAELA,POINT (79.8909343 7.0826207)
cargills,FC CHILAW,POINT (79.7939349 7.578680299999999)
cargills,FC PILIYANDALA,POINT (79.9395392 6.796545)
cargills,FC DEHIWALA,POINT (79.86468929999999 6.8589452)
cargills,FC RATNAPURA,POINT (80.4020704 6.679112)
cargills,FC COLPETTY,POINT (79.85263669999999 6.902800699999999)
cargills,EX THIMBIRIGASYAYA,POINT (79.86650449999999 6.8909812)
cargills,FC NAWALA,POINT (79.8875809 6.8880086)
cargills,EX MATARA,POINT (80.5494458 5.944539799999999)
cargills,FC KADAWATHA,POINT (80.6204417 7.2811265)
cargills,EX MALIGAWATTE,POINT (79.8706164 6.935234800000001)
cargills,FC KEGALLE,POINT (80.35052229999999 7.253825399999999)
cargills,FC ALUTHGAMA,POINT (79.99779409999999 6.4333398)
cargills,FC KOTAHENA,POINT (79.85927049999999 6.948773800000001)
cargills,FC AMBALANGODA,POINT (80.05430899999999 6.23789)
cargills,FC PARK ROAD,POINT (79.87299969999999 6.8878131)
cargills,FC BERUWELA,POINT (79.98347 6.47464)
cargills,FC KATUGASTOTA,POINT (80.63169859999999 7.314369200000001)
cargills,FC WARAKAPOLA,POINT (80.20040709999999 7.2285384)
cargills,EX ALEXANDRA PLACE,POINT (79.86498999999999 6.9114533)
cargills,FC KARAGAMPITIYA,POINT (79.87316509999999 6.8499933)
cargills,FC MATALE,POINT (80.6225225 7.474261800000001)
cargills,FC PELIYAGODA,POINT (79.8841084 6.9684076)
cargills,EX HAVELOCK ROAD,POINT (79.86960139999999 6.8824961)
cargills,FC KELANIYA,POINT (79.90673559999999 6.9669672)
cargills,FC AVISSAWELLA,POINT (80.213745 6.950364)
cargills,FC DEMATAGODA,POINT (79.87816749999999 6.928622)
cargills,FC GALLE,POINT (80.2154182 6.0333366)
cargills,FC HOMAGAMA,POINT (80.00504 6.8415)
cargills,FC KOHUWALA,POINT (79.8838164 6.866771399999999)
cargills,FC KOLONNAWA,POINT (79.89195230000001 6.9325774)
cargills,FC MOUNT LAVINIA STC,POINT (79.86729389999999 6.8372218)
cargills,FC EMBILIPITIYA,POINT (80.85673439999999 6.3314602)
cargills,FC KOTTAWA,POINT (79.9670005 6.840717199999999)
cargills,FC ANURADHAPURA,POINT (80.4091035 8.3316441)
cargills,FC WENNAPPUWA,POINT (79.8405724 7.3451365)
cargills,FC MUTUWAL,POINT (79.8744583 6.971208099999999)
cargills,0 FC SEEDUWA,POINT (79.8737728 7.1433258)
cargills,EX BAMBALAPITIYA,POINT (79.85474929999999 6.8948227)
cargills,FC BALANGODA,POINT (80.7002674 6.6478307)
cargills,FC KADUWELA,POINT (79.9799608 6.936902900000001)
cargills,FC MARADANA,POINT (79.86710579999999 6.925762)
cargills,FC BADULLA,POINT (81.06028119999999 6.9881087)
cargills,FC KANDANA,POINT (79.85733259999999 7.2625438)
cargills,FC VAVUNIYA,POINT (80.4978186 8.752324)
cargills,EX PANADURA,POINT (79.90779329999999 6.714014799999999)
cargills,FC PILIMATALAWA,POINT (80.5578872 7.265178199999999)
cargills,BC KATUBEDDA,POINT (79.8882675 6.802014799999999)
cargills,FC ATTIDIYA,POINT (79.88468999999999 6.839129)
cargills,FC DAMBULLA,POINT (80.65033439999999 7.878220799999998)
cargills,FC DICKWELLA,POINT (80.69577 5.96473)
cargills,FC AKURANA,POINT (80.61724559999999 7.369343199999999)
cargills,FC HAMBANTOTA,POINT (81.12586689999999 6.1283566)
cargills,FC MINUWANGODA,POINT (79.9467343 7.166388899999999)
cargills,FC DELKANDA,POINT (79.8972308 6.8646194)
cargills,FC KIRIBATHGODA,POINT (79.9311711 6.982238)
cargills,FC HATTON,POINT (80.5972816 6.892797499999999)
cargills,EX KATUNAYAKE SLAF,POINT (79.90251 7.18675)
cargills,FC KATUKURUNDA,POINT (79.96928570000001 6.561569899999999)
cargills,FC KOSWATTE,POINT (79.9567926 6.9035185)
cargills,FC KOHUWALA 2,POINT (79.8774943 6.8703878)
cargills,FC MAHARAGAMA 2,POINT (79.9316192 6.8448554)
cargills,FC MIRIHANA,POINT (79.90086220000001 6.8749604)
cargills,FC NUGEGODA 2,POINT (79.8962574 6.8747371)
cargills,FC RATMALANA,POINT (79.8691113 6.827608799999999)
cargills,FC WIJERAMA,POINT (79.9035519 6.8620142)
cargills,FC KUNDASALE,POINT (80.6042434 7.3654715)
cargills,FC PANADURA 2,POINT (79.9080307 6.708794399999999)
cargills,FC TANGALLE,POINT (80.7946316 6.0257603)
cargills,FC KOCHCHIKADE,POINT (79.85733259999999 7.2625438)
cargills,FC PEPILIYANA,POINT (79.8903418 6.8589655)
cargills,FC KARAPITIYA,POINT (80.22808089999999 6.068023)
cargills,FC EHELIYAGODA,POINT (80.26106 6.85414)
cargills,FC GAMPOLA,POINT (80.565185 7.160625599999999)
cargills,FC HORANA,POINT (80.38059969999999 6.6973067)
cargills,FC RAGAMA,POINT (79.9236669 7.0277332)
cargills,FC NITTAMBUWA,POINT (80.09394829999999 7.141411799999999)
cargills,EX TRINCOMALEE,POINT (81.2098826 8.5768576)
cargills,FC KALUTARA,POINT (79.9616704 6.5804278)
cargills,EX BIA KATUNAYAKE,POINT (79.8861574 7.173369)
cargills,FC KADAWATHA 2,POINT (79.948234 7.000355)
cargills,FC KURUNEGALA 2,POINT (80.3663655 7.4926483)
cargills,FC MIRIGAMA,POINT (80.13055949999999 7.249541499999999)
cargills,FC ATHURUGIRIYA,POINT (79.9917293 6.876447199999999)
cargills,FC MAWANELLA,POINT (80.44903939999999 7.252868899999998)
cargills,FC TRINCOMALEE,POINT (81.22808429999999 8.577569799999999)
cargills,FC KULIYAPITIYA,POINT (80.04439889999999 7.472875999999999)
cargills,FC BANDARAGAMA,POINT (79.94865229999999 6.707564199999999)
cargills,FC KALUTARA NORTH,POINT (79.9565343 6.599942299999999)
cargills,FC PANNALA,POINT (80.0245968 7.3290475)
cargills,FC WELIWERIYA,POINT (80.0268586 7.0343696)
cargills,FC DELGODA,POINT (80.0129915 6.9866685)
cargills,FC BATTICALOA,POINT (81.6948302 7.714138999999999)
cargills,FC PANNIPITIYA,POINT (79.9595075 6.866857899999999)
cargills,FC BOKUNDARA,POINT (79.9180511 6.818419899999999)
cargills,FC DHARGA TOWN,POINT (80.01405 6.44131)
cargills,FC NAWALAPITIYA,POINT (80.5345494 7.0558093)
cargills,FC AMPARA,POINT (81.67530169999999 7.2914037)
cargills,FC DICKMANS ROAD,POINT (79.85887149999999 6.8867474)
cargills,FC GRANDPASS,POINT (79.86707319999999 6.944344399999999)
cargills,FC KESBEWA,POINT (79.9395392 6.796545)
cargills,FC MALABE 2,POINT (79.972061 6.914682)
cargills,FC MONERAGALA,POINT (81.35009079999999 6.8712998)
cargills,FC NEGOMBO 2,POINT (79.85063 7.20633)
cargills,FC BATTARAMULLA,POINT (79.90590150000001 6.901276299999999)
cargills,FC WELISARA,POINT (79.8976287 7.012471000000001)
cargills,FC IPALOGAMA,POINT (80.546471 8.0719177)
cargills,FC RAJAGIRIYA 2,POINT (79.89951569999999 6.9085377)
cargills,FC KOTIKAWATTA,POINT (79.9164694 6.9346362)
cargills,FC PALMADULLA,POINT (80.53876 6.62562)
cargills,FC WADDUWA,POINT (79.9616704 6.5804278)
cargills,FC ETHULKOTTE,POINT (79.90590150000001 6.901276299999999)
cargills,FC JAELA 02,POINT (79.8925964 7.0739467)
cargills,FC YAKKALA,POINT (80.0337468 7.0867206)
cargills,FC MAKOLA,POINT (79.9482021 6.975303900000001)
cargills,FC JAWATTA,POINT (79.8667069 6.894996399999999)
cargills,FC DUPLICATION,POINT (79.85453889999999 6.9024028)
cargills,FC MANIPPAY,POINT (79.99736179999999 9.7232214)
cargills,FC THIHARIYA,POINT (80.07335719999999 7.1290187)
cargills,EX ROYALPARK,POINT (79.8882921 6.906037299999999)
cargills,FC KANNATHTHIDI,POINT (80.01159009999999 9.6711487)
cargills,FC KALAPALUWAWA,POINT (79.9101103 6.914053699999999)
cargills,FC BANDARAWATTE,POINT (79.98696679999999 6.9393214)
cargills,FC AKKARAIPATHTHU,POINT (81.8509665 7.231271599999999)
cargills,FC KALMUNEI,POINT (81.8306334 7.414383099999999)
cargills,FC NORRIS CANAL,POINT (79.8659984 6.9223969)
cargills,EX TRILLIUM RESIDENCE,POINT (79.8781829 6.9038765)
cargills,FC WARIYAPOLA,POINT (80.2477955 7.617959000000001)
cargills,FC DANKOTUWA,POINT (79.88216799999999 7.298133300000001)
cargills,EX KURUWITA,POINT (80.3676071 6.7739916)
cargills,EX RUWANWELLA,POINT (80.2543531 7.043222699999999)
cargills,EX DIGANA,POINT (80.7344557 7.295005999999999)
cargills,FC KADURUWELLA,POINT (81.0342285 7.928112899999999)
cargills,FC KILINOCHCHI,POINT (80.3769999 9.3802886)
cargills,EX SUWARAPOLA,POINT (79.9099368 6.797266899999999)
cargills,EX HABARAKADA,POINT (80.0124199 6.8653681)
cargills,EX KOTIYAKUBURA,POINT (80.2049741 7.2184414)
cargills,EX NEDIMALA,POINT (79.8830274 6.8524334)
cargills,FC MANCHANTHODUWAI,POINT (81.72391 7.68847)
cargills,FC WELIMADA,POINT (80.91280999999999 6.903517)
cargills,FC ELAKANDA,POINT (79.87445129999999 6.994285400000001)
cargills,FC BATTICALOA 02,POINT (81.68989719999999 7.725822099999998)
cargills,EX BENTOTA,POINT (79.9991747 6.423032399999999)
cargills,EX MORATUWELLA,POINT (79.88352 6.76745)
cargills,FC GALEWELA,POINT (80.5709892 7.759345400000001)
cargills,FC PUTTALUM,POINT (79.83769220000001 8.027172999999999)
cargills,FC POTHUVIL,POINT (81.82994289999999 6.875437799999999)
cargills,FC WARD PLACE,POINT (79.8701693 6.9160121)
cargills,EX PASYALA,POINT (80.12370779999999 7.167824)
cargills,FC ERAVUR,POINT (81.60272189999999 7.777558)
cargills,FC MARAWILA,POINT (79.8304708 7.415735600000001)
cargills,EX KANDANA,POINT (79.8994756 7.048113099999999)
cargills,EX MELSIRIPURA,POINT (80.5051478 7.6378926)
cargills,EX POLGAHAWELA,POINT (80.30061689999999 7.336678499999999)
cargills,EX KIRIDIWELLA,POINT (80.1288493 7.042018300000001)
cargills,EX NELLIYADI,POINT (80.1965395 9.7995576)
cargills,FC MATTEGODA,POINT (79.97015189999999 6.8191934)
cargills,FC THALAWATHUGODA,POINT (79.937962 6.873504199999999)
cargills,FC SAMANTHURAI,POINT (81.79772269999999 7.363241299999999)
cargills,EX BELIATTA,POINT (80.73574529999999 6.0464064)
cargills,FC THISSAMAHARAMA,POINT (81.28553769999999 6.278583999999999)
cargills,EX MIDDENIYA,POINT (80.7643624 6.2490432)
cargills,FC MORATUWA OLD RD,POINT (79.89561909999999 6.7880835)
cargills,EX GALGAMUWA,POINT (80.2700708 7.995601799999999)
cargills,EX MALWANA,POINT (80.01529719999999 6.947831300000001)
cargills,FC CHUNNAKAM,POINT (80.02742049999999 9.743461699999999)
cargills,EX MORATUMULLA,POINT (79.89561909999999 6.7880835)
cargills,EX DEPANAMA,POINT (79.94415219999999 6.858817999999999)
cargills,EX MATALE ROSE ST,POINT (80.623244 7.470956099999999)
cargills,FC RATMALANA 02,POINT (79.8691113 6.827608799999999)
cargills,EX PUGODA,POINT (80.1210557 6.9762268)
cargills,EX ALAWWA,POINT (80.23681449999999 7.2952364)
cargills,EX BALAPITIYA,POINT (80.040612 6.280943)
cargills,EX SEEDUWA PALLIYAWATTA,POINT (79.88892629999999 7.1327697)
cargills,EX SOUTHERN HIGHWAY A,POINT (80.0793716 6.4687679)
cargills,EX SOUTHERN HIGHWAY B,POINT (80.0793716 6.4687679)
cargills,FC HANWELLA,POINT (80.07758 6.90784)
cargills,FC PALLEKELE,POINT (80.7197025 7.282892099999999)
cargills,EX CTG PILIYANDALA,POINT (79.9156667 6.807036699999999)
cargills,FC AMBALANTHOTA,POINT (81.01867 6.1222268)
cargills,FC GALLE 02,POINT (80.21716560000002 6.035213)
cargills,EX MAWARAMANDIYA,POINT (79.9758714 6.9870791)
cargills,FC DALUGAMA,POINT (79.9174391 6.9727501)
cargills,EX KARANDENIYA,POINT (80.09136869999999 6.2703717)
cargills,FC KATUGASTOTA2,POINT (80.6275089 7.3212616)
cargills,EX ERIYAGAMA,POINT (80.58925 7.26524)
cargills,FC AMBALANGODA2,POINT (80.05430899999999 6.23789)
cargills,EX PITIPANA,POINT (80.01359 6.84456)
cargills,EX MULLERIYAWA,POINT (79.9266298 6.845287)
cargills,EX SIDDAMULLA,POINT (79.9578063 6.8147573)
cargills,EX DIVULAPITIYA,POINT (80.01829529999999 7.223770199999999)
cargills,EX DEANS ROAD,POINT (79.8649429 6.924579899999999)
cargills,EX BUTTALA,POINT (81.2490562 6.7594056)
cargills,EX MANIKHINNA,POINT (80.70061 7.31643)
cargills,EX KATUNERIYA,POINT (79.832847 7.365770299999999)
cargills,FC AKURESSA,POINT (80.4770544 6.0968214)
cargills,FC GATAMBE,POINT (80.6049117 7.2707211)
cargills,FC STANLY TMW,POINT (79.8962574 6.8747371)
cargills,EX NALLURUWA,POINT (79.91439670000001 6.6944791)
cargills,EX GINIGATHHENA,POINT (80.49296 6.99074)
cargills,FC PETHIYAGODA,POINT (79.9052722 6.9520024)
cargills,EX ALUBOMULLA,POINT (79.94734509999999 6.706638)
cargills,EX BOPITIYA,POINT (79.85965689999999 7.0797839)
cargills,EX AMPITIYA,POINT (80.66491449999999 7.2690894)
cargills,EX RUKMALGAMA,POINT (79.98710989999999 6.8572519)
cargills,EX PIRIVENA JUNCTION,POINT (79.9065257 6.841719500000001)
cargills,FC WELIGAMA,POINT (80.43301167329234 5.973448266160106)
cargills,EX HIKKADUWA,POINT (80.09966179999999 6.143182299999999)
cargills,EX DERANIYAGALA,POINT (80.3377108 6.9280178)
cargills,EX HABARADUWA,POINT (80.30691270000001 5.9936463)
cargills,EX HABARANA,POINT (80.75489089999999 8.0390164)
cargills,EX WATTEGAMA,POINT (80.6825369 7.352017900000001)
cargills,FC GANEMULLA,POINT (79.96138449999999 7.0654651)
cargills,FC JAFFNA,POINT (80.0137285 9.6652238)
cargills,EX VEYANGODA,POINT (80.05828889999999 7.1533912)
cargills,FC EKALA,POINT (79.91015689999999 7.1021787)
cargills,FC COTA ROAD,POINT (79.88666669999999 6.9113889)
cargills,EX AMBEPUSSA,POINT (80.20801059999999 7.239090399999999)
cargills,EX IBBAGAMUWA,POINT (80.4497695 7.5476981)
cargills,EX POKUNUWITA,POINT (80.0340174 6.7262409)
cargills,FC KOTTAWA 02,POINT (79.9670005 6.840717199999999)
cargills,FC MARINE DRIVE,POINT (79.8494444 6.907777800000001)
cargills,EX ARANGALA,POINT (79.96461099999999 6.891278)
cargills,FC WELLAWAYA,POINT (81.10201289999999 6.731294999999999)
cargills,EX GODAKAWELA,POINT (80.65286069999999 6.504154499999999)
cargills,EX DANDUGAMA,POINT (79.88418849999999 7.1039234)
cargills,FC KESELWATTE,POINT (79.90022 6.74987)
cargills,EX MADAWACHCHIYA,POINT (80.4918594 8.541406600000002)
cargills,EX GELIOYA,POINT (80.597629 7.2178087)
cargills,FC HORANA2,POINT (80.06349849999999 6.7144013)
cargills,EX RAMBUKKANA,POINT (80.39563919999999 7.323112699999999)
cargills,EX DENIYAYA,POINT (80.5593377 6.346619599999999)
cargills,FC MATHUGAMA,POINT (80.1121259 6.5224449)
cargills,EX KATUGODA,POINT (80.2390163 6.0330145)
cargills,FC THALAHENA,POINT (79.9457465 6.907285799999999)
cargills,FC MARINE CITY,POINT (79.8625996 6.8509933)
cargills,FC CHILLAW2,POINT (79.79898039999999 7.568950399999999)
cargills,EX KALUTARA CENTRAL,POINT (79.98150609999999 6.561724799999999)
cargills,FC MATALE2,POINT (80.6235647 7.480345199999999)
cargills,EX GONAPOLA,POINT (80.0130758 6.7631861)
cargills,EX GREEN ROAD,POINT (79.8404467 7.206041799999999)
cargills,EX NATTANDIYA,POINT (79.86528 7.41165)
cargills,EX PUWAKPITIYA,POINT (80.1941684 6.937353799999999)
cargills,EX MADAMPE,POINT (79.84149 7.49564)
cargills,EX GALAGEDARA,POINT (80.5244948 7.3727606)
cargills,EX MULLAITTIVE,POINT (80.81418 9.26906)
cargills,EX HAVELOCK CITY,POINT (79.86960139999999 6.8824961)
cargills,FC PELAWATTA 02,POINT (79.93040069999999 6.8880308)
cargills,EX WATHUPITIWALA,POINT (80.0974063 7.14291)
cargills,EX DELPE JUNCTION,POINT (79.9083035 7.0242258)
cargills,EX POOJAPITIYA,POINT (80.5867633 7.3813156)
cargills,EX HOKANDARA,POINT (79.9502476 6.880384299999999)
cargills,EX ANAMADUWA,POINT (80.00955089999999 7.8792577)
cargills,EX GODIGAMUWA,POINT (79.9266298 6.845287)
cargills,EX LEWIS PLACE NEGOMBO,POINT (79.8422552 7.244563500000001)
cargills,EX MAGGONA,POINT (79.9804401 6.5039158)
cargills,EX MARADAGAHAMULLA,POINT (79.98661770000001 7.229571300000001)
cargills,EX ASCON RESIDENCE,POINT (79.878569 6.937963799999999)
cargills,EX NEGOMBO Y JUNCTION,POINT (79.86316599999999 7.2220835)
cargills,EX ANDIAMBALAMA,POINT (79.9024723 7.1867065)
cargills,EX NELUWA,POINT (80.3887232 6.3740333)
cargills,FC NARAMMALA,POINT (80.21407170000001 7.427257999999999)
cargills,EX AHANGAMA,POINT (80.2390163 6.0330145)
cargills,FC UDAHAMULLA,POINT (79.913392 6.8623436)
cargills,EX WARAGODA,POINT (79.9103903 6.958689400000001)
cargills,EX RANMUTHUGALA,POINT (79.9709338 7.017525999999999)
cargills,EX DALUPOTHA,POINT (79.8508879 7.229472199999999)
cargills,EX RATAMALANA STATION ROAD,POINT (79.86773529999999 6.8146356)
cargills,EX PANNIPITIYA OLD ROAD,POINT (79.9511193 6.8466926)
cargills,EX HUNUPITIYA,POINT (79.9019112 6.9845937)
cargills,FC WERAHERA,POINT (79.90674989999999 6.8329309)
cargills,EX PINNAWALA,POINT (80.3862228 7.2992725)
cargills,EX MALKADUWAWA,POINT (80.33833749999999 7.4778098)
cargills,EX MAKULUDUWA,POINT (79.93596339999999 6.8138371)
cargills,EX KATARAGAMA,POINT (81.3317754 6.4156588)
cargills,EX KELANIYA,POINT (79.90737670000001 6.9668329)
cargills,EX ELAPITIWALA,POINT (79.9083035 7.0242258)
cargills,EX MANNAR,POINT (79.9186136 8.9783337)
cargills,EX KALMUNAI,POINT (81.8306334 7.414383099999999)
cargills,EX KEKIRAWA,POINT (80.5967371 8.0405061)
cargills,FC PAGODA,POINT (79.89397120000001 6.8784425)
cargills,EX ICONIC RESIDENCE,POINT (79.9058508 6.9095853)
cargills,EX RAJAGIRIYA FAIRWAY,POINT (79.9058508 6.9095853)
cargills,FC KAWDANA,POINT (79.88468999999999 6.839129)
cargills,EX RAHULA JUNCTION,POINT (80.53399 5.95422)
cargills,EX MALIGAWATTE2,POINT (79.8747583 6.9386902)
cargills,EX ALADENIYA,POINT (80.5737772 7.308808)
cargills,EX KOTUGODA,POINT (79.92442059999999 7.1240017)
cargills,FC ENDERAMULLA,POINT (79.9151955 6.9949381)
cargills,FC GAMPAHA2,POINT (80.00437049999999 7.089623599999999)
cargills,EX ON 320,POINT (79.8590818 6.919238399999999)
cargills,EX MAGAMMANA,POINT (79.99816179999999 6.8220076)
cargills,FC MATARA 02,POINT (80.5543934 5.9430934)
cargills,FC WADDUWA 02,POINT (79.9669871 6.5680353)
cargills,FC ANURADHAPURA 02,POINT (80.4091035 8.3316441)
cargills,FC PILIYANDALA 02,POINT (79.9187783 6.7996596)
cargills,FC HOMAGAMA 02,POINT (79.9981133 6.8408924)
cargills,FC KURUNEGALA 03,POINT (80.3566892 7.4779936)
cargills,FC THALAPATHPITIYA,POINT (79.9275213 6.8660123)
cargills,FC MORATUMULLA,POINT (79.89561909999999 6.7880835)
cargills,EX KALUBOWILA,POINT (79.8771271 6.866088299999999)
cargills,FC SEEDUWA 02,POINT (79.87784879556014 7.127842713518582)
cargills,EX PADUKKA,POINT (80.0908396 6.8434889)
cargills,FC MILLENNIUM CITY,POINT (79.9917293 6.876447199999999)
cargills,FC DAMBULLA 02,POINT (80.64870019999999 7.871088299999998)
cargills,FC WELLAMPITIYA,POINT (79.90439836355812 6.937053901359263)
cargills,FC ARAWWALA,POINT (79.93488529999999 6.8304258)
cargills,FC KEGALLE 02,POINT (80.3513694 7.248126399999999)
cargills,EX DOMPE,POINT (80.0550593 6.9500359)
cargills,EX NAIWALA,POINT (80.0311253 7.1583972)
cargills,FC HOKANDARA,POINT (79.93488529999999 6.8304258)
cargills,FC WIJERAMA 02,POINT (79.89692629999999 6.864788799999999)
cargills,FC KOLAMUNNA,POINT (79.92498189999999 6.7934283)
cargills,FC NITTAMBUWA 02,POINT (80.0954966 7.1439386)
cargills,FC MAHIYANGANAYA,POINT (80.9935897 7.341075899999999)
cargills,FC KATTIYA JUNCTION,POINT (79.88087139999999 6.875580599999999)
cargills,FC GODAGAMA,POINT (80.03235599999999 6.8532407)
cargills,FC KOSWATTE 02,POINT (79.9300057 6.9070808)
cargills,FC GAMPAHA 03,POINT (80.00437049999999 7.089623599999999)
cargills,FC RATHNAPURA 02,POINT (80.404765 6.682669)
cargills,EX BINDUNUWEWA,POINT (81.0042716 6.8413914)
cargills,EX KIRILLAWALA,POINT (79.9858935 7.031503)
cargills,FC HOMAGAMA 03,POINT (79.9574222 6.9003621)
cargills,FC KURANA,POINT (79.8620433 7.178387599999999)
cargills,FC MIRISSA,POINT (80.4580575 5.947397)
cargills,EX THALDUUWA,POINT (80.1941684 6.937353799999999)
cargills,FC ALUTHGAMA 02,POINT (80.0536425 6.240557)
cargills,FC PILIMATHALAWA 02,POINT (80.53905899999999 7.2615647)
cargills,EX MARADANA 02,POINT (79.8624312 6.930624)
cargills,EX INGIRIYA,POINT (80.177536 6.7458447)
cargills,FC BANDARAGAMA 02,POINT (79.9888 6.714169)
cargills,FC KADAWATHA 03,POINT (79.948234 7.000355)
cargills,FC KELANIYA 02,POINT (79.9150396 6.9666738)
cargills,FC BORUPANA,POINT (79.89078719999999 6.814209)
cargills,FC PALLIMULLA,POINT (79.90248050000001 6.741759500000001)
cargills,FC RAWATHAWATTA,POINT (79.8882675 6.802014799999999)
cargills,EX URAGASMANHANDIYA,POINT (80.0821954 6.3429085)
cargills,EX NAWAGAMUWA,POINT (80.0200432 6.9238805)
cargills,FC WELIPILLAWA,POINT (79.96138449999999 7.0654651)
cargills,FC BANDARAWELA 02,POINT (80.9941178 6.829806)
cargills,FC SARANANKARA ROAD,POINT (79.8710428 6.8730999)
cargills,FC WELISARA 02,POINT (79.8976287 7.012471000000001)
cargills,FC RAGAMA 02,POINT (79.9157834 7.028609200000001)
cargills,FC ATHURUGIRIYA 02,POINT (79.9917293 6.876447199999999)
cargills,FC RAMBUKKANA,POINT (80.3900816 7.3215986)
cargills,EX DIYAGAMA NDT,POINT (80.3900836 7.3216552)
cargills,EX URAPOLA,POINT (80.2049741 7.2184414)
cargills,FC KADUWELA 02,POINT (79.86785119999999 6.961391900000001)
cargills,EX ELPITIYA,POINT (80.1631175 6.2887732)
cargills,FC COLOMBO CITY CENTER,POINT (79.8554352 6.917330499999999)
cargills,FC HIMBUTANA,POINT (79.93393829999999 6.9262939)
cargills,EX PINNADUWA FAIRWAY,POINT (80.21956829999999 6.0357872)
cargills,FC RATNAPURA 03,POINT (80.4020688 6.6791263)
cargills,FC KIRIBATHGODA 02,POINT (79.9317441 6.976934300000001)
cargills,FC JAYA ROAD,POINT (79.85492409999999 6.88653)
cargills,EX MORAGAHAHENA,POINT (80.0567927 6.7849274)
cargills,EX PALAPATHWELA,POINT (80.6260637 7.5300539)
cargills,FC BIYAGAMA,POINT (79.98696679999999 6.9393214)
cargills,FC MALABE 03,POINT (79.9566628 6.9015758)
cargills,FC RADDOLUGAMA,POINT (79.8997217 7.1376202)
cargills,FC GLORIOUS RESIDENCE,POINT (79.86479039999999 6.940123499999999)
cargills,EX NARAHENPITA,POINT (79.8781829 6.9038765)
cargills,EX KOSGAMA,POINT (80.137387 6.941722)
cargills,EX GALAHA ROAD,POINT (80.6771044 7.1880554)
cargills,EX UNAWATUNA,POINT (80.24778189999999 6.0197258)
cargills,FC KOLLUPITIYA 02,POINT (79.8504303 6.9097406)
cargills,FC KOTIKAWATTA 02,POINT (79.9157123945256 6.941354820213934)
cargills,EX DEHIWALA,POINT (79.8667827 6.851371899999999)
cargills,FC NEGOMBO 03,POINT (79.84559630000001 7.217165400000001)
cargills,FC WENNAPPUWA 02,POINT (79.8405724 7.3451365)
cargills,FC AWARIWATTA,POINT (79.8833557 7.163455000000001)
cargills,EX JAYA MAWATHA,POINT (80.02447739999999 6.8941611)
cargills,FC KATUKURUNDA 02,POINT (79.96928570000001 6.561569899999999)
cargills,FC POLONNARUWA,POINT (81.01224549999999 7.942513599999999)
cargills,EX MALIGAWATTE 03,POINT (79.8706164 6.935234800000001)
cargills,EX KURUDUGAHAHETHEKMA,POINT (80.1631175 6.2887732)
cargills,EX LABUDUWA,POINT (80.238023 6.071876)
cargills,EX RIKILLAGASKADA,POINT (80.7848927 7.145543)
cargills,EX DEVINUWARA,POINT (80.76201 6.0058668)
cargills,FC WATTALA 02,POINT (79.88828599999999 6.9769552)
cargills,FC MINUWANGODA 02,POINT (79.9503472 7.170665499999998)
cargills,FC POLGASOWITA,POINT (79.95979299999999 6.7881808)
cargills,FC DEPANAMA,POINT (79.94415219999999 6.858817999999999)
cargills,FC BLOEMENDHAL,POINT (79.86785119999999 6.961391900000001)
cargills,FC KULIYAPITIYA 02,POINT (80.04439889999999 7.472875999999999)
cargills,FC GOTHATUWA IDH,POINT (79.9146312 6.9255795)
cargills,EX UDAWALAWA,POINT (80.7834551877438 6.416130442714838)
cargills,EX KANTHALE,POINT (81.0031042 8.365875899999999)
cargills,EX JAYANTHIPURA,POINT (80.96682699999999 7.984528)
cargills,EX MORAWAKA,POINT (80.49226 6.26058)
cargills,FC GANEMULLA 02,POINT (79.95919026403021 7.068014004894749)
cargills,EX AHUNGALLA,POINT (80.040612 6.280943)
cargills,EX HALDUMMULLA,POINT (80.88804428893314 6.762873678316845)
cargills,EX POTHUPITIYA,POINT (79.9402314 6.6363533)
cargills,EX MILLENNIUM CITY,POINT (79.9917293 6.876447199999999)
cargills,EX DODANGODA,POINT (80.0224879 6.5546403)
cargills,EX MAHAWEWA,POINT (79.84014719999999 7.497020999999999)
cargills,Ex AMBANPOLA,POINT (80.4091035 8.3316441)
cargills,EX PALLEBADDA,POINT (80.65286069999999 6.504154499999999)
cargills,EX IBBAGAMUWA 02,POINT (80.44560299999999 7.542539)
cargills,FC KIRIBATHGODA 03,POINT (79.92318619999999 6.976509999999999)
cargills,EX HAPUGALA,POINT (80.19794929999999 6.0737738)
cargills,EX BADULLA,POINT (81.05679459999999 6.9985823)
cargills,EX NOROCHCHOLAI,POINT (79.73729929999999 8.048973799999999)
cargills,FC MEEPE,POINT (80.09093179999999 6.8585927)
cargills,FC KOCHCHIKADE NEW,POINT (79.79898039999999 7.568950399999999)
cargills,EX BADDEGAMA,POINT (80.17962774408646 6.165299650484789)
cargills,FC MAHARA,POINT (79.9375391 6.9936915)
cargills,EX KOSGODA,POINT (80.040612 6.280943)
cargills,EX MALWATHUHIRIPITIYA,POINT (80.06950839999999 7.0545003)
cargills,EX GIRIDARA,POINT (80.09496485300299 6.948786374543083)
cargills,FC GAMPOLA 02,POINT (80.565185 7.160625599999999)
cargills,EX BELLAPITIYA,POINT (80.07595169999999 6.6898417)
cargills,EX MADAWALA ULPOTHA,POINT (80.623244 7.470956099999999)
cargills,EX UGGALBODA,POINT (79.96766005902627 6.619974572310251)
cargills,EX HIRIPITIYA,POINT (80.37082558469353 7.654968816696033)
cargills,FC W. A. SILVA MAWATHA,POINT (79.8680957 6.877097)
cargills,FC DEMATAGODA 02,POINT (79.87816749999999 6.928622)
cargills,EX PITIGALA,POINT (80.2216305 6.3356612)
cargills,EX GALLE FORT,POINT (79.84477 6.93602)
cargills,EX BULATHKOHUPITIYA,POINT (80.3351852124726 7.103205004615321)
cargills,EX YATIYANTOTA,POINT (80.2946446 7.0307632)
cargills,Ex ALAWWA 02,POINT (79.9103903 6.958689400000001)
cargills,EX ARACHCHIKANDA,POINT (80.09966179999999 6.143182299999999)
cargills,EX VAVUNIYA,POINT (80.4977493 8.7624931)
cargills,Ex Payagala,POINT (79.97771450595985 6.541215927298167)
cargills,Ex Nsbm,POINT (80.0138733 6.844602099999999)
cargills,EX THIHAGODA,POINT (80.5494458 5.944539799999999)
cargills,FC KARAPITIYA 02,POINT (80.22349539999999 6.0670366)
cargills,EX MADURANKULIYA,POINT (79.832847 7.365770299999999)
cargills,FC KIRIDIWELA,POINT (80.1288493 7.042018300000001)
cargills,EX WATAREKA,POINT (80.0908396 6.8434889)
cargills,FC WALGAMA,POINT (80.51214848828462 5.941808177605989)
cargills,EX RAIGAMA,POINT (80.01618479999999 6.7213546)
cargills,FC MAWATHAGAMA,POINT (80.3663655 7.4926483)
cargills,EX TELDENIYA,POINT (80.7628878 7.3119462)
cargills,EX MALAPALLA,POINT (79.97767639999999 6.8454926)
cargills,EX PIDURUWELLA,POINT (80.30402913688114 7.467716718288195)
cargills,EX YANTHAMPALAWA,POINT (80.33833749999999 7.4778098)
cargills,EX URUBOKKA,POINT (80.6337281 6.3050093)
cargills,EX YAKKALA,POINT (80.0349423 7.0846822)
cargills,EX KEKANADURA,POINT (80.60266779999999 5.9641644)
cargills,FC SLAVE ISLAND,POINT (79.8590818 6.919238399999999)
cargills,EX HIKKADUWA 02,POINT (80.12003539999999 6.1156535)
cargills,FC MATHUGAMA 02,POINT (80.1121259 6.5224449)
cargills,EX DANGEDARA,POINT (80.2198944 6.0517172)
cargills,EX BOLAWATTA,POINT (79.86316599999999 7.2220835)
cargills,FC MATALE 03,POINT (80.6225225 7.474261800000001)
cargills,EX TANGALLE,POINT (80.73574529999999 6.0464064)
cargills,FC PEPILIYANA 2,POINT (79.89146409999999 6.8551332)
cargills,FC BOMIRIYA,POINT (79.9799608 6.936902900000001)
cargills,FC AVISSAWELLA 2,POINT (80.1986618 6.9470148)
cargills,FC YAKKALA 2,POINT (80.0337468 7.0867206)
cargills,FC KIRIBATHGODA 04,POINT (79.93187089999999 6.983365999999999)
cargills,FC OBESEKARAPURA,POINT (79.8942646 6.910106600000001)
sathosa,Abanpola,POINT (80.23927139999999 7.921010900000001)
sathosa,Achchuveli,POINT (80.1164708 9.779674499999999)
sathosa,Adamban,POINT (79.99839779999999 8.94211)
sathosa,Agarapatahna,POINT (79.8782815 6.9141688)
sathosa,Ahangama,POINT (80.3615095 5.9733798)
sathosa,Akkaraipattu,POINT (81.84925779999999 7.216855099999999)
sathosa,Akurassa,POINT (80.47632179999999 6.1002966)
sathosa,Alawathugoda,POINT (80.6106973 7.4073125)
sathosa,Alawwa,POINT (80.2369372 7.297207)
sathosa,Alubomulla (Kurusa Handiya / Panadura),POINT (79.94804619999999 6.7071005)
sathosa,Aluthgama,POINT (79.9992446 6.4309287)
sathosa,Aluvihare,POINT (80.62235559999999 7.5010786)
sathosa,Ambalanthota 01,POINT (81.0292456 6.1229105)
sathosa,Ambatenna,POINT (80.614142 7.349418900000001)
sathosa,Ampara 01,POINT (81.67806639999999 7.2907036)
sathosa,Anamaduwa,POINT (80.0106708 7.8768852)
sathosa,Andiambalama,POINT (79.90377909999999 7.1861669)
sathosa,Angunakolapalassa,POINT (81.13095539999999 6.434316)
sathosa,Ankumbura,POINT (80.57226559999999 7.4377183)
sathosa,Anuradhapura 1,POINT (80.41153729999999 8.341703599999999)
sathosa,Anuradhapura 3,POINT (80.4147462 8.3167074)
sathosa,Aralaganwila,POINT (81.1843416 7.781225000000001)
sathosa,Athurugiriya,POINT (80.0047553 6.9071281)
sathosa,Attidiya,POINT (79.884641 6.8387875)
sathosa,Avissawella,POINT (80.21315039999999 6.9524401)
sathosa,Ayagama,POINT (79.84454459999999 6.9336395)
sathosa,Badalkumbura,POINT (81.35077919999999 6.8731629)
sathosa,Baddegama,POINT (80.1788912 6.172067699999999)
sathosa,Badulla,POINT (81.0535507 6.990723099999999)
sathosa,Baduraliya,POINT (80.2277716 6.516717400000001)
sathosa,Bakamuna,POINT (80.8170568 7.7764856)
sathosa,Balangoda 2,POINT (80.70070299999999 6.647820299999999)
sathosa,Balapitiya,POINT (80.041027 6.2828154)
sathosa,Bambalapitiya,POINT (79.85779409999999 6.8865931)
sathosa,Bandaragama,POINT (79.99097279999999 6.7136171)
sathosa,Bandarawela 01,POINT (80.98797076178758 6.831036326902634)
sathosa,Bandarawela 02,POINT (80.99009464055331 6.830413050950438)
sathosa,Barawakumbuka,POINT (80.9356396 6.2281222)
sathosa,Battaramulla,POINT (79.92126349999999 6.9035185)
sathosa,Batticaloa,POINT (81.6949894 7.727768999999999)
sathosa,Beliatta,POINT (80.735119 6.046898499999999)
sathosa,Beliyakanda,POINT (79.8782815 6.9141688)
sathosa,Belummahara,POINT (79.9937637 7.094231199999999)
sathosa,Bibila,POINT (81.27530949999999 7.0349699)
sathosa,Bingiriya,POINT (79.93643879999999 7.5983253)
sathosa,Bogahagoda,POINT (80.3045815 6.037714999999999)
sathosa,Bokkawala,POINT (80.5558767 7.3922667)
sathosa,Bokundara,POINT (79.91914369999999 6.7992949)
sathosa,Bollegala,POINT (79.944495 6.9449295)
sathosa,Boralanda,POINT (80.8937646 6.8298999)
sathosa,Boralesgamuwa,POINT (79.8992566 6.840627899999999)
sathosa,Borella,POINT (79.8782815 6.9141688)
sathosa,Bulathkohupitiya,POINT (80.33494399999999 7.1035443)
sathosa,Bulathsinhala,POINT (80.1181613 6.5223423)
sathosa,Bulnewa,POINT (80.4443100734731 8.072237688528752)
sathosa,Buttala 2,POINT (81.2477277 6.7584968)
sathosa,Central Camp,POINT (81.63887889999999 7.3615022)
sathosa,Chavakachcheri,POINT (80.16359059999999 9.659966599999999)
sathosa,Chilaw,POINT (79.79568630000001 7.576993199999999)
sathosa,Chunnakam,POINT (80.0289449 9.7526733)
sathosa,Dalugama,POINT (79.9118685 6.9688729)
sathosa,Dambagalla,POINT (81.3748765 6.9799738)
sathosa,Dambulla,POINT (80.6501466 7.8731079)
sathosa,Dankotuwa,POINT (79.8819726 7.2969341)
sathosa,Danthure,POINT (80.5513129 7.267025400000001)
sathosa,Debarawewa,POINT (81.2677698 6.284663699999999)
sathosa,Dehiaththakandiya,POINT (81.04741159999999 7.6701273)
sathosa,Dehiowita,POINT (80.26540369999999 6.970096499999999)
sathosa,Deiyandara( Re Lo:),POINT (80.6036498 6.152146)
sathosa,Delgoda,POINT (80.0139927 6.9889974)
sathosa,Delkanda,POINT (79.9000135 6.861083499999999)
sathosa,Dematagoda,POINT (79.88024799999999 6.930146499999999)
sathosa,Deniyaya,POINT (80.55988219999999 6.346641)
sathosa,Deraniyagala,POINT (80.4086968 6.9990123)
sathosa,Devinuwara,POINT (80.5364823 5.9486397)
sathosa,Dickwella,POINT (80.69431419999999 5.964214399999999)
sathosa,Digana,POINT (80.7297822 7.295980399999999)
sathosa,Dikkumbura,POINT (80.37739359999999 6.0130332)
sathosa,Divlapitiya,POINT (80.018997 7.225306600000001)
sathosa,Dodangoda,POINT (80.01886429999999 6.5536786)
sathosa,Eheliyagoda 2,POINT (80.2617874 6.8524446)
sathosa,Ekala,POINT (79.9005258 7.101547699999999)
sathosa,Ella,POINT (80.9879725 6.8309665)
sathosa,Elpitiya,POINT (80.16125769999999 6.289774299999999)
sathosa,Embilipitiya 1,POINT (80.8468886 6.3231207)
sathosa,Enderamulla,POINT (79.91763589999999 6.996456900000001)
sathosa,Eppawala,POINT (80.4102731 8.147090199999999)
sathosa,Ethgala,POINT (80.5679128 7.132597)
sathosa,Ethiliwewa,POINT (81.12536332306675 6.6234545286596385)
sathosa,Galenbindunuwewa,POINT (80.71728261815066 8.292145150852043)
sathosa,Galewela 02,POINT (80.5672838 7.755367199999999)
sathosa,GalewelaÃ‚Â  01,POINT (80.57134639785411 7.759866815794164)
sathosa,Galgamuwa,POINT (79.8453157 7.330301299999999)
sathosa,Gallalla,POINT (81.06559390603591 7.905338694403003)
sathosa,Galle 1,POINT (80.2149417 6.033045599999999)
sathosa,Gampaha 01,POINT (79.9937637 7.094231199999999)
sathosa,Gampola - 1,POINT (80.571744 7.162698000000001)
sathosa,Ganemulla,POINT (79.96012229999999 7.067123)
sathosa,Gelioya,POINT (80.59764939999999 7.218399100000001)
sathosa,Giriulla,POINT (80.1278863 7.244709200000001)
sathosa,Godagama,POINT (80.0266173 6.8514767)
sathosa,Godakawela,POINT (80.6529884 6.5041218)
sathosa,Gonagaldeniya ,POINT (80.4466463 7.4323085)
sathosa,Gurugalla,POINT (80.21735029999999 6.991522499999999)
sathosa,Habaraduwa,POINT (80.31126119999999 5.9934135)
sathosa,Habarakada,POINT (80.00788369999999 6.8646045)
sathosa,Habarana,POINT (80.7546615 8.0380191)
sathosa,Hakmana,POINT (80.64676659999999 6.083209)
sathosa,Haliela,POINT (81.03241790000001 6.9564543)
sathosa,Hambanthota,POINT (79.90472079999999 6.7311339)
sathosa,Hanguranketha,POINT (80.7751744 7.177566000000001)
sathosa,Hanwella,POINT (80.0808438 6.908966299999999)
sathosa,Hapugala,POINT (80.19801269999999 6.0737364)
sathosa,Hapugasthalawa,POINT (80.53293409999999 7.0550783)
sathosa,Hataraliyadda,POINT (80.47126999999999 7.335979)
sathosa,Hatton,POINT (80.5945943 6.896944599999999)
sathosa,Hemmatagama,POINT (80.500646 7.174004)
sathosa,Henamulla,POINT (79.87367759999999 6.964462999999999)
sathosa,Hettipola,POINT (80.04494769999999 7.4770688)
sathosa,Hewaheta,POINT (80.63399969999999 7.110276199999999)
sathosa,Higurakgoda 01,POINT (80.9499988 8.040495200000001)
sathosa,Hikkaduwa (Relocated),POINT (80.0997543 6.1428866)
sathosa,Hingurana,POINT (81.6731874 7.2283513)
sathosa,Hiripitiya,POINT (80.3680469 7.6562681)
sathosa,Hokandara,POINT (79.9600454 6.880840699999999)
sathosa,Homagama,POINT (80.00362220000001 6.842588399999999)
sathosa,Horagasmankada,POINT (80.16894929999999 7.20075)
sathosa,Horana,POINT (80.066856 6.717923)
sathosa,Horowpathana,POINT (80.8324332 8.547710000000002)
sathosa,Hungama,POINT (80.9320415 6.109915399999999)
sathosa,Hunupitiya,POINT (79.90236233719298 6.98489052092035)
sathosa,Ibbagamuwa,POINT (80.44728110000001 7.543656800000001)
sathosa,Imaduwa (Relocated),POINT (80.3889011 6.0364476)
sathosa,Ingiriya,POINT (80.17491079999999 6.7448468)
sathosa,Ja-ela,POINT (79.89125211672614 7.084258141996649)
sathosa,Ja-ela Mega,POINT (79.8912558 7.082661400000001)
sathosa,Jaffna,POINT (80.01729979999999 9.6685283)
sathosa,Kabithigolawa,POINT (80.67468294267393 8.692980233471971)
sathosa,Kadawatha,POINT (79.9566293 7.039872)
sathosa,Kadugannawa,POINT (79.89808119999999 6.937292299999999)
sathosa,Kahatagasdigiliya,POINT (80.6853713 8.425251899999999)
sathosa,Kahawatta,POINT (80.54660560000001 6.6218476)
sathosa,Kalawana,POINT (80.39795459999999 6.5332211)
sathosa,Kalegana / Kahaduwawatte,POINT (80.2024653 6.0583619)
sathosa,Kalmunai,POINT (81.8318175 7.4019995)
sathosa,Kalpitiya,POINT (79.7647078 8.2357228)
sathosa,Kaluthara 2 (Kaluthara North),POINT (79.9599485 6.5823015)
sathosa,Kaluthara South,POINT (79.95996841275249 6.582367490723946)
sathosa,Kamburupitiya ,POINT (80.5644822 6.080657299999999)
sathosa,Kandana,POINT (79.89850010000001 7.036272200000001)
sathosa,Kandekatiya,POINT (81.0044137643013 7.170726474175686)
sathosa,Kandy - Galagedara,POINT (80.52411499999999 7.3728451)
sathosa,Kandy Mega,POINT (80.6370507 7.2970181)
sathosa,Kannanthota,POINT (80.27697280275302 7.093888384909337)
sathosa,Karapitiya,POINT (80.224289 6.065440799999999)
sathosa,Karawanella,POINT (80.2608951 7.0257217)
sathosa,Kataragama,POINT (81.33210583059753 6.415744693480647)
sathosa,Kattuwa,POINT (79.8484979 7.2363755)
sathosa,Katugastota,POINT (80.62594919999999 7.325811700000001)
sathosa,Katugastota Mega,POINT (80.62272159999999 7.322494899999999)
sathosa,Katunayake 01,POINT (79.8678669 7.167012600000001)
sathosa,Katuneriya,POINT (79.8453157 7.330301299999999)
sathosa,Katupotha,POINT (80.1872111 7.5322559)
sathosa,Katuwawala,POINT (79.909978 6.8308509)
sathosa,Kegalle,POINT (80.3373816 7.251487099999999)
sathosa,Kekanadura,POINT (80.60310299999999 5.9647824)
sathosa,Kekirawa,POINT (80.5982271 8.040165099999999)
sathosa,Kelaniya,POINT (79.91665669999999 6.9497187)
sathosa,Keppetipola,POINT (80.91251969999999 6.9047731)
sathosa,Kesbewa 02,POINT (79.95209819999999 6.7909361)
sathosa,Kilinochchi,POINT (80.40871829999999 9.390753699999999)
sathosa,Kinniya,POINT (81.16775269999999 8.481313)
sathosa,Kiribathgoda,POINT (79.9289143 6.979638899999999)
sathosa,Kiridiwela,POINT (80.13160019999999 7.0425239)
sathosa,Kiriella,POINT (80.2729734 6.738857899999999)
sathosa,Kirillawala,POINT (79.99170549999999 7.0374143)
sathosa,Kithulgala ,POINT (80.4086968 6.9990123)
sathosa,Kiwlawatte,POINT (80.00445189999999 6.5738869)
sathosa,Kochchikade,POINT (79.86078859999999 7.2667144)
sathosa,Kohuwala 2,POINT (79.88493870000001 6.866274499999999)
sathosa,Kolonna,POINT (80.6224526 6.6083669)
sathosa,Koralaima,POINT (79.89664259999999 6.7886061)
sathosa,Kosgama,POINT (80.1360462 6.940031299999999)
sathosa,Kosgashandiya,POINT (79.8453157 7.330301299999999)
sathosa,Koswatta (RDA),POINT (79.93597670973088 6.906180578369861)
sathosa,Kotadeniyawa,POINT (80.06602119999999 7.284221000000001)
sathosa,Kotagala,POINT (80.5987679 6.8906208)
sathosa,Kotahena,POINT (79.8620605 6.947798700000001)
sathosa,Kotapola,POINT (80.5447444 6.293849499999999)
sathosa,Kottawa 2,POINT (79.96536709999999 6.835837799999999)
sathosa,Kuliyapitiya,POINT (80.04494769999999 7.4770688)
sathosa,Kumarakanda (Relocated),POINT (80.1252822 6.1081099)
sathosa,Kumbukgate,POINT (80.42537141664742 7.681517373732426)
sathosa,Kundasale,POINT (80.67483519999999 7.279691199999998)
sathosa,KurudugahaHatapma,POINT (80.14103070208164 6.2841786258490515)
sathosa,Kurunduwatte,POINT (79.84454459999999 6.9336395)
sathosa,Kurunegala 2,POINT (80.365298 7.485228500000001)
sathosa,Kuruwita,POINT (80.36530049999999 6.7779604)
sathosa,Lunugala,POINT (81.2031403 7.042125299999999)
sathosa,Lunugamwehera,POINT (81.2098563 6.3359874)
sathosa,M.t Levinia 2,POINT (79.86880669999999 6.8283033)
sathosa,MC-cullum,POINT (79.85288539999999 6.9321714)
sathosa,Madagama,POINT (81.27530949999999 7.0349699)
sathosa,Madapatha ,POINT (79.9311738 6.7663973)
sathosa,Madapatha Express,POINT (79.92903333139587 6.769647458066261)
sathosa,Madawala BA,POINT (80.6733175 7.3294835)
sathosa,Madu,POINT (79.8782815 6.9141688)
sathosa,Madurankuli,POINT (79.82326569999999 7.910554)
sathosa,Maggona,POINT (79.9821987 6.5095915)
sathosa,Maharagama 1,POINT (79.92170489999999 6.842619699999999)
sathosa,Maharagama 2,POINT (79.9262188 6.8480232)
sathosa,Maho,POINT (80.27326409999999 7.8241442)
sathosa,Makandura ,POINT (80.0210189 7.329408600000001)
sathosa,Makola,POINT (79.95046289999999 6.9751359)
sathosa,Makumbura,POINT (79.9820603 6.8467538)
sathosa,Malabe,POINT (79.9556705 6.902715199999999)
sathosa,Maligawatta,POINT (79.87473200000001 6.9380045)
sathosa,Malimboda,POINT (80.5159822 6.010029299999999)
sathosa,Mallawapiptiya,POINT (80.3889187682182 7.474919395905526)
sathosa,Mancholai,POINT (80.7985341 9.228011799999999)
sathosa,Mannar,POINT (79.90979727113748 8.983659745932783)
sathosa,Maradhagamula,POINT (79.98668282039657 7.2308929050135005)
sathosa,Marassana,POINT (80.6370507 7.2970181)
sathosa,Maravila,POINT (79.83065909999999 7.413273200000001)
sathosa,Maspotha,POINT (80.3077251 7.546440499999999)
sathosa,Matale 01,POINT (80.62498479999999 7.4695337)
sathosa,Matale 02,POINT (80.6229852 7.475685899999999)
sathosa,Matara Mega,POINT (80.55682419999999 5.9467028)
sathosa,Matara-02,POINT (80.5364823 5.9486397)
sathosa,Mathugama 2,POINT (80.1181613 6.5223423)
sathosa,Mattegoda,POINT (79.970771 6.8180384)
sathosa,Mawanella ,POINT (80.44942619999999 7.2514739)
sathosa,Mawathagama,POINT (80.4466245 7.4322872)
sathosa,Medavachchiya,POINT (80.4967346 8.5335655)
sathosa,Medirigiriya,POINT (80.965187 8.141378399999999)
sathosa,Meegahakiwla,POINT (81.0535507 6.990723099999999)
sathosa,Meegoda 02,POINT (80.0573801 6.8553529)
sathosa,Meegoda 1,POINT (80.0447595 6.8443394)
sathosa,Meepe ,POINT (80.091814 6.85863)
sathosa,Meerigama,POINT (80.1278863 7.244709200000001)
sathosa,Melsiripura,POINT (80.5069642 7.6400231)
sathosa,Menikhinna,POINT (80.70200699999999 7.315238099999999)
sathosa,Middeniya,POINT (80.76138349999999 6.2511566)
sathosa,Minneriya,POINT (81.00385419999999 7.9409855)
sathosa,Minuwangoda,POINT (79.94690829999999 7.166931099999999)
sathosa,Mirihana 02,POINT (79.89842539999999 6.8748356)
sathosa,Molagoda ,POINT (80.3867432 7.254533800000001)
sathosa,Monaragala 2,POINT (81.34232919999999 6.8617044)
sathosa,Monaragala 3,POINT (81.3507977128899 6.873258732675223)
sathosa,Moranthuduwa,POINT (79.9718381 6.662700399999999)
sathosa,Moratumulla,POINT (79.89664259999999 6.7886061)
sathosa,Moratuwa,POINT (79.8819829 6.7777245)
sathosa,Morawaka,POINT (80.4910689 6.2616119)
sathosa,Nabada,POINT (80.091421 6.5958294)
sathosa,Nagoda,POINT (80.2746526509217 6.198012586243424)
sathosa,Nagoda - Galle,POINT (80.27492699999999 6.1984663)
sathosa,Naiwala,POINT (80.03141789999999 7.159049)
sathosa,Narahenpita,POINT (79.8782815 6.9141688)
sathosa,Narammala,POINT (80.2147064 7.4324531)
sathosa,Nawalapitiya,POINT (80.53293409999999 7.0550783)
sathosa,Negombo 02,POINT (79.8504614 7.206885700000001)
sathosa,Nelumkulam,POINT (80.45953949183163 8.762050361763393)
sathosa,Neluwa,POINT (80.36203709999999 6.377814)
sathosa,Nigris,POINT (79.84473512177816 6.936873980444315)
sathosa,Nikaweratiya,POINT (80.1147917 7.7518408)
sathosa,Nildandahinna,POINT (80.89305139999999 7.081567499999999)
sathosa,Nivithigala,POINT (80.54660560000001 6.6218476)
sathosa,Nochchiyagama,POINT (80.20639109999999 8.2620132)
sathosa,Nuwaraeliya,POINT (80.76570289999999 6.9735691)
sathosa,Oddamawadi,POINT (81.5280609 7.9116458)
sathosa,Opanayake,POINT (80.6224526 6.6083669)
sathosa,Pabahinna,POINT (80.78599009999999 6.7185516)
sathosa,Padaviya,POINT (80.76171239999999 8.834299999999999)
sathosa,Padukka,POINT (80.0915105 6.843324)
sathosa,Pahathgama,POINT (80.0808438 6.908966299999999)
sathosa,Pallebedda,POINT (80.855383 6.334296)
sathosa,Panadura-2,POINT (79.90761999999999 6.710908499999999)
sathosa,Panadura-3,POINT (79.9141475 6.6957451)
sathosa,Panadura-4,POINT (79.90761999999999 6.710908499999999)
sathosa,Panagoda,POINT (80.02356979999999 6.865304999999999)
sathosa,Pannala,POINT (80.0210189 7.329408600000001)
sathosa,Pannipitiya 2,POINT (79.96536709999999 6.835837799999999)
sathosa,Pannipitiya 3,POINT (79.96374052772714 6.844005414957063)
sathosa,Pansalgodella,POINT (81.0278288260062 8.084119627516603)
sathosa,Passara,POINT (81.15627139999999 6.935397200000001)
sathosa,Pasyala,POINT (80.12402640000001 7.1692014)
sathosa,Payagala,POINT (79.97876959999999 6.527771899999999)
sathosa,Pelmadulla,POINT (80.54660560000001 6.6218476)
sathosa,Pelmadulla -02,POINT (80.6529884 6.5041218)
sathosa,Pelwaththa,POINT (79.8992566 6.840627899999999)
sathosa,Peradeniya,POINT (80.5918702 7.2659648)
sathosa,Pesalai,POINT (79.82212249999999 9.0844898)
sathosa,Piduruwella,POINT (80.30360069999999 7.4670403)
sathosa,Pilimathalawa,POINT (80.5513129 7.267025400000001)
sathosa,Piliyandala 1,POINT (79.92965199999999 6.7977645)
sathosa,Piliyandala 2,POINT (79.943516 6.7859468)
sathosa,Pinkanda,POINT (80.13238699999999 6.128445600000001)
sathosa,Pinnaduwa,POINT (80.26864524994156 6.066337851514941)
sathosa,Pitabeddara,POINT (80.47592330000001 6.201065)
sathosa,Pitakotte,POINT (79.9020527 6.883400099999999)
sathosa,Pitipana,POINT (80.01858659999999 6.844322699999999)
sathosa,Poddala,POINT (80.2191303 6.106855599999999)
sathosa,Pohaddaramulla,POINT (79.92126349999999 6.9035185)
sathosa,Point pedro,POINT (80.23691839999999 9.821428299999999)
sathosa,Polgahawela 1,POINT (80.30428739999999 7.3296692)
sathosa,Polgahawela 2,POINT (80.3003282 7.3363087)
sathosa,Polgasowita,POINT (79.970771 6.8180384)
sathosa,Polonnaruwa 1,POINT (81.00385419999999 7.9409855)
sathosa,Polonnaruwa 2,POINT (81.00388875669319 7.9411705671923345)
sathosa,Polpithigama,POINT (80.40467219999999 7.815496100000001)
sathosa,Polwaga Colany,POINT (81.5677800435148 7.23108978845326)
sathosa,Poojapitiya,POINT (80.5863123 7.3796772)
sathosa,Pothuhera,POINT (80.3514886 7.4731815)
sathosa,Pothupitiya,POINT (80.5115586 6.4298598)
sathosa,Pothuvil,POINT (81.8298751 6.8751213)
sathosa,Pugoda,POINT (80.11701699999999 6.9742869)
sathosa,Pundaluoya,POINT (80.66682659999999 7.0141111)
sathosa,Pussellawa,POINT (80.63399969999999 7.110276199999999)
sathosa,Puttalam,POINT (79.83061529999999 8.029874599999999)
sathosa,Puwakpitiya,POINT (80.19384869999999 6.936697100000001)
sathosa,Raddolugama,POINT (79.9003994 7.1393038)
sathosa,Ragala,POINT (80.8594166 7.0117179)
sathosa,Ragama,POINT (79.9242002 7.027747799999999)
sathosa,Raigama,POINT (80.01585126921518 6.721658906891255)
sathosa,Rajgama,POINT (80.1382993 6.0937434)
sathosa,Rakwana,POINT (80.61148369999999 6.4735415)
sathosa,Rambewa,POINT (80.50736859999999 8.44402)
sathosa,Ranmuthugala,POINT (79.93036789999999 6.981827699999999)
sathosa,Ranna,POINT (80.87709409999999 6.0976641)
sathosa,Rathmalana 01,POINT (79.88217182600262 6.810612545170302)
sathosa,Rathmalana Mega,POINT (79.88216109999999 6.810442099999999)
sathosa,Rathnapura 01,POINT (80.40443619999999 6.678600599999999)
sathosa,Rathnapura 02,POINT (80.4025158 6.680523399999999)
sathosa,Rathnapura 03,POINT (80.3977823 6.6795202)
sathosa,Raththota,POINT (80.6738903 7.5166605)
sathosa,Rawathawatte,POINT (79.88884379999999 6.7877772)
sathosa,Rikillagaskada,POINT (80.7841337 7.143781600000001)
sathosa,Ruwanwella,POINT (80.254425 7.044128799999999)
sathosa,Salmaluyana,POINT (79.9508781 6.9221581)
sathosa,Sammanthurai,POINT (81.8051694 7.362576499999999)
sathosa,Seeduwa 01,POINT (79.878727 7.1212161)
sathosa,Seeduwa 02,POINT (79.880958597767 7.132990507383729)
sathosa,Sewanagala,POINT (80.855383 6.334296)
sathosa,Sewanapitiya,POINT (81.18323959999999 7.921798799999999)
sathosa,Siddamulla,POINT (79.9576756 6.8150559)
sathosa,Silawaththurai,POINT (79.95431371567345 8.747946239418173)
sathosa,Siyabalape,POINT (79.99542559999999 6.959562699999999)
sathosa,Siyamabalanduwa,POINT (81.5593032 6.9066472)
sathosa,Sooriyawewa,POINT (81.00220349999999 6.3111979)
sathosa,Tangalla,POINT (80.79322839999999 6.0277604)
sathosa,Thabuththegama 02,POINT (80.2972484 8.1567279)
sathosa,Thalawa,POINT (80.3513669 8.2357061)
sathosa,Thalawakale,POINT (80.6667461 6.9336565)
sathosa,Thalawathugoda,POINT (79.9359697 6.8751039)
sathosa,Thalduwa,POINT (80.2214572 6.956809199999999)
sathosa,Thalgaswala,POINT (80.2692749 6.2441816)
sathosa,Thambuthegama,POINT (80.2972484 8.1567279)
sathosa,Thanamalwila,POINT (81.13095539999999 6.434316)
sathosa,Thawalama,POINT (80.33706359999999 6.3388656)
sathosa,Thelijjawila,POINT (80.495803 6.0245624)
sathosa,Thelwatta,POINT (80.0997543 6.1428866)
sathosa,Thennekumbura,POINT (80.6618234 7.2832756)
sathosa,Thihagoda,POINT (80.5364823 5.9486397)
sathosa,Thirukkovil,POINT (81.8525085 7.1157908)
sathosa,Thunkama ,POINT (80.39076539999999 6.6994836)
sathosa,Trincomalee,POINT (81.230869 8.5809771)
sathosa,Udawalawa,POINT (80.7951552 6.411820199999999)
sathosa,Udugama,POINT (80.3355289 6.2023681)
sathosa,Uduwana,POINT (80.0028136 6.8269521)
sathosa,Uhana,POINT (81.63887889999999 7.3615022)
sathosa,Uragasmanhandiya,POINT (80.08250959999999 6.3431783)
sathosa,Urala,POINT (80.2735407 6.151093599999999)
sathosa,Urapola 01,POINT (80.1465115 7.0962555)
sathosa,Urapola 02,POINT (80.14517619999999 7.0972665)
sathosa,Urubokka,POINT (80.63488889999999 6.303256699999999)
sathosa,Varipathanchenai,POINT (81.70766999999999 7.252097300000001)
sathosa,Vavuniya,POINT (80.4595166 8.761890899999999)
sathosa,Veyangoda 02,POINT (80.05965929999999 7.1537033)
sathosa,Vilachchiya,POINT (80.20034845373151 8.491825141792571)
sathosa,Wadduwa,POINT (79.9289757 6.667815099999999)
sathosa,Waga,POINT (80.1282119 6.9007442)
sathosa,Walana,POINT (79.90472079999999 6.7311339)
sathosa,Walapane,POINT (80.8613893 7.0944068)
sathosa,Walasmulla,POINT (80.6978135 6.1532007)
sathosa,Warakapola ,POINT (80.199574 7.225561000000001)
sathosa,Wariyapola,POINT (79.8453157 7.330301299999999)
sathosa,Wathupitiwala,POINT (80.1087869 7.12784)
sathosa,Wealioya,POINT (80.78624436139823 8.963235907535969)
sathosa,Weeraketiya,POINT (80.6978135 6.1532007)
sathosa,Wehera,POINT (80.3514886 7.4731815)
sathosa,Weligalla,POINT (80.59764939999999 7.218399100000001)
sathosa,Weligama,POINT (80.43013379999999 5.9752988)
sathosa,Welikanda,POINT (81.2481827 7.947898599999999)
sathosa,Welimada,POINT (80.91251969999999 6.9047731)
sathosa,Welipillewa,POINT (80.0297389 6.884842099999999)
sathosa,Welisara Mega,POINT (79.8979645 7.0282339)
sathosa,Weliweriya,POINT (80.02855869999999 7.0321416)
sathosa,Wellampitiya,POINT (79.89808119999999 6.937292299999999)
sathosa,Wellawa,POINT (80.3659057 7.559992299999999)
sathosa,Wellawaya 03,POINT (81.1027374 6.7296748)
sathosa,Wellawaya New,POINT (81.1027374 6.7296748)
sathosa,Yakkala 01,POINT (80.0321591 7.0869741)
sathosa,Yakkala 02,POINT (80.0321591 7.0869741)
sathosa,Yanthampalawa,POINT (80.34711829999999 7.501708499999999)
sathosa,Yatiyana,POINT (80.60056849999999 6.0234437)
sathosa,Yatiyanthota,POINT (80.2608951 7.0257217)
sathosa,kaduwela,POINT (79.983493 6.937024)
sathosa,katuwana ,POINT (80.6955899 6.2669166)
sathosa,kesbewa 01,POINT (79.943516 6.7859468)
sathosa,kiriwaththuduwa,POINT (79.8782815 6.9141688)
sathosa,manampitiya,POINT (81.12612639999999 7.9054431)
sathosa,nawagamuwa,POINT (80.0171687 6.9248542)
